{"duration": 0.06665515899658203, "input_args": {"api": "<__main__.DatacubeAPI object at 0x12a6dcfe0>"}, "time": 1700440550.843977}