{"duration": 0.14078903198242188, "input_args": {"district_id": "'90'"}, "time": 1700440620.210502}