{"duration": 0.07497310638427734, "input_args": {"api": "<__main__.DatacubeAPI object at 0x1039011c0>"}, "time": 1700440566.989295}