{"duration": 0.22660589218139648, "input_args": {}, "time": 1700440590.635114}