{"duration": 0.19068598747253418, "input_args": {"district_id": "'84'"}, "time": 1700440615.198784}