{"duration": 0.07422375679016113, "input_args": {"api": "<__main__.DatacubeAPI object at 0x1039011c0>"}, "time": 1700440566.9095879}