{"duration": 0.0722968578338623, "input_args": {"api": "<__main__.DatacubeAPI object at 0x136558ec0>"}, "time": 1700440548.090383}