{"duration": 1.7033331394195557, "input_args": {"city_name": "'Sobrance'"}, "time": 1700440568.1459079}