{"duration": 0.07611203193664551, "input_args": {"api": "<__main__.DatacubeAPI object at 0x136558ec0>"}, "time": 1700440548.171324}